{
  "motor": {
    "r1_nTargets": 16.0,
    "r1_nHits": 12.5,
    "r1_nMisses": 1.5,
    "r1_hitRate": 0.8990385000000001,
    "r1_reactionTime_mean": 1301.6339285,
    "r1_reactionTime_std": 337.357933,
    "r1_reactionTime_median": 1183.25,
    "r1_movementTime_mean": 893.0669645,
    "r1_movementTime_std": 337.6117455,
    "r1_movementTime_median": 849.75,
    "r1_interTap_mean": 1253.866667,
    "r1_interTap_std": 430.412936,
    "r1_interTap_cv": 0.365181,
    "r1_errorDist_mean": 5.393508000000001,
    "r1_errorDist_std": 0.1677345,
    "r1_pathLength_mean": 0.319396,
    "r1_pathLength_std": 0.13592949999999998,
    "r1_straightness_mean": 1.2699295,
    "r1_straightness_std": 0.6574565,
    "r1_meanSpeed_mean": 0.436592,
    "r1_peakSpeed_mean": 1.733888,
    "r1_speedVar_mean": 0.2310995,
    "r1_meanAccel_mean": 10.373554500000001,
    "r1_peakAccel_mean": 48.506098,
    "r1_jerkRMS_mean": 1068.3128675,
    "r1_jerkRMS_std": 363.77595699999995,
    "r1_submovementCount_mean": 2.6904765,
    "r1_submovementCount_std": 1.4722765,
    "r1_overshootCount_mean": 0.09375,
    "r1_overshootCount_std": 0.28639,
    "r1_ID_mean": 2.0178285000000002,
    "r1_throughput_mean": 2.381813,
    "r1_throughput_std": 0.961778,
    "r2_nTargets": 19.0,
    "r2_nHits": 11.0,
    "r2_nMisses": 8.0,
    "r2_hitRate": 0.578947,
    "r2_reactionTime_mean": 1493.4935065,
    "r2_reactionTime_std": 441.638954,
    "r2_reactionTime_median": 1574.5,
    "r2_movementTime_mean": 1175.090909,
    "r2_movementTime_std": 457.928061,
    "r2_movementTime_median": 1213.5,
    "r2_interTap_mean": 948.313492,
    "r2_interTap_std": 483.330441,
    "r2_interTap_cv": 0.568948,
    "r2_errorDist_mean": 6.177428000000001,
    "r2_errorDist_std": 0.1507985,
    "r2_pathLength_mean": 0.449133,
    "r2_pathLength_std": 0.16779,
    "r2_straightness_mean": 1.014616,
    "r2_straightness_std": 0.6735815,
    "r2_meanSpeed_mean": 0.5196215,
    "r2_peakSpeed_mean": 2.586172,
    "r2_speedVar_mean": 0.392042,
    "r2_meanAccel_mean": 13.150779499999999,
    "r2_peakAccel_mean": 74.18316300000001,
    "r2_jerkRMS_mean": 1342.6555335,
    "r2_jerkRMS_std": 340.120626,
    "r2_submovementCount_mean": 2.5227275000000002,
    "r2_submovementCount_std": 1.5482399999999998,
    "r2_overshootCount_mean": 0.1223775,
    "r2_overshootCount_std": 0.3241405,
    "r2_ID_mean": 2.149787,
    "r2_throughput_mean": 2.1139595,
    "r2_throughput_std": 1.0895915,
    "r3_nTargets": 26.5,
    "r3_nHits": 5.5,
    "r3_nMisses": 20.5,
    "r3_hitRate": 0.216154,
    "r3_reactionTime_mean": 1422.607143,
    "r3_reactionTime_std": 234.192229,
    "r3_reactionTime_median": 1175.25,
    "r3_movementTime_mean": 863.6666665,
    "r3_movementTime_std": 366.833939,
    "r3_movementTime_median": 858.0,
    "r3_interTap_mean": 742.3703705,
    "r3_interTap_std": 332.475865,
    "r3_interTap_cv": 0.451723,
    "r3_errorDist_mean": 6.3132265,
    "r3_errorDist_std": 0.779885,
    "r3_pathLength_mean": 0.3251085,
    "r3_pathLength_std": 0.141956,
    "r3_straightness_mean": 1.4629474999999998,
    "r3_straightness_std": 0.720129,
    "r3_meanSpeed_mean": 0.5971219999999999,
    "r3_peakSpeed_mean": 2.229361,
    "r3_speedVar_mean": 0.374258,
    "r3_meanAccel_mean": 13.9842695,
    "r3_peakAccel_mean": 59.5361295,
    "r3_jerkRMS_mean": 1463.036164,
    "r3_jerkRMS_std": 415.516632,
    "r3_submovementCount_mean": 2.452381,
    "r3_submovementCount_std": 1.105542,
    "r3_overshootCount_mean": 0.0,
    "r3_overshootCount_std": 0.0,
    "r3_ID_mean": 2.2038905,
    "r3_throughput_mean": 3.743562,
    "r3_throughput_std": 1.332089,
    "delta_r2_minus_r1_hitRate": -0.299107,
    "delta_r3_minus_r1_hitRate": -0.5216350000000001,
    "delta_r3_minus_r2_hitRate": -0.32725150000000003,
    "delta_r2_minus_r1_reactionTime_mean": 280.5738635,
    "delta_r3_minus_r1_reactionTime_mean": -101.3452385,
    "delta_r3_minus_r2_reactionTime_mean": -405.418415,
    "delta_r2_minus_r1_movementTime_mean": 58.049155,
    "delta_r3_minus_r1_movementTime_mean": -159.85000000000002,
    "delta_r3_minus_r2_movementTime_mean": -415.565476,
    "delta_r2_minus_r1_jerkRMS_mean": 183.3399805,
    "delta_r3_minus_r1_jerkRMS_mean": 265.9466885,
    "delta_r3_minus_r2_jerkRMS_mean": 252.13786950000002,
    "delta_r2_minus_r1_throughput_mean": -0.1666365,
    "delta_r3_minus_r1_throughput_mean": 0.971611,
    "delta_r3_minus_r2_throughput_mean": 0.824023
  },
  "context_numeric": {
    "r1_speedPxPerFrame": 1.5,
    "r2_speedPxPerFrame": 2.5,
    "r3_speedPxPerFrame": 3.5,
    "r1_spawnIntervalMs": 1200.0,
    "r2_spawnIntervalMs": 900.0,
    "r3_spawnIntervalMs": 700.0,
    "screen_width": 1536.0,
    "screen_height": 900.0,
    "screen_dpr": 1.25,
    "viewportWidth": 1536.0,
    "viewportHeight": 731.5,
    "perf_samplingHzTarget": 60.0,
    "perf_samplingHzEstimated": 48.05,
    "perf_avgFrameMs": 20.825000000000003,
    "perf_p95FrameMs": 17.4,
    "perf_droppedFrames": 925.0,
    "perf_inputLagMsEstimate": 1.15,
    "highContrastMode": 0.0,
    "reducedMotionPreference": 0.0
  }
}